mealSize,tempChange
0.0,0.0499999999999999
0.0,-0.0499999999999999
0.0,-0.15
5.5,0.15
12.0,0.35
14.5,0.35
23.3,0.65
27.1,0.75
29.3,0.75
20.8,0.8500000000000001
22.2,0.95
23.4,0.95
36.3,0.95
34.7,1.05
31.6,1.05
29.4,1.05
30.9,1.15
40.2,1.25
46.6,1.15
50.4,1.05
